,,0,1,2,3,4,5
LBGI,adolescent#001,0.0,0.0,0.0,0.0,0.0,0.0
LBGI,adolescent#002,0.0,0.0,0.0,0.0,0.0,0.0
LBGI,adolescent#003,0.0,0.0,0.0,0.0,0.0,0.0
LBGI,adolescent#004,0.0,0.0,0.0,0.0,0.0,0.0
LBGI,adolescent#005,0.0,0.0,0.0,0.0,0.0,0.0
LBGI,adolescent#006,0.0,0.0,0.0,0.0,0.0,0.0
LBGI,adolescent#007,0.0,0.0,0.0,0.0,0.0,0.0
LBGI,adolescent#008,0.0,0.0,0.0,0.0,0.0,0.0
LBGI,adolescent#009,0.0,0.0,0.0,0.0,0.0,0.0
LBGI,adolescent#010,0.0,0.0,0.0,0.0,0.0,0.0
LBGI,adult#001,0.0,0.0,0.0,0.0,0.0,0.0
LBGI,adult#002,0.0,0.0,0.0,0.0,0.0,0.0
LBGI,adult#003,0.0,0.0,0.0,0.0,0.0,0.0
LBGI,adult#004,0.0,0.0,0.0,0.0,0.0,0.0
LBGI,adult#005,0.0,0.0,0.0,0.0,0.0,0.0
LBGI,adult#006,0.0,0.0,0.0,0.0,0.0,0.0
LBGI,adult#007,0.0,0.0,0.0,0.0,0.0,0.0
LBGI,adult#008,0.0,0.0,0.0,0.0,0.0,0.0
LBGI,adult#009,0.0,0.0,0.0,0.0,0.0,0.0
LBGI,adult#010,0.0,0.0,0.0,0.0,0.0,0.0
LBGI,child#001,0.0,0.0,0.0,0.0,0.0,0.0
LBGI,child#002,0.0,0.0,0.0,0.0,0.0,0.0
LBGI,child#003,0.0,0.0,0.0,0.0,0.0,0.0
LBGI,child#004,0.0,0.0,0.0,0.0,0.0,0.0
LBGI,child#005,0.0,0.0,0.0,0.0,0.0,0.0
LBGI,child#006,0.0,0.0,0.0,0.0,0.0,0.0
LBGI,child#007,0.0,0.0,0.0,0.0,0.0,0.0
LBGI,child#008,0.0,0.0,0.0,0.0,0.0,0.0
LBGI,child#009,0.0,0.0,0.0,0.0,0.0,0.0
LBGI,child#010,0.0,0.0,0.0,0.0,0.0,0.0
HBGI,adolescent#001,2.7642608849710917,3.067007002241414,4.409538475293878,7.1359268546392345,10.923836288563603,15.05685518721845
HBGI,adolescent#002,3.22822233722031,3.530422095284659,4.624627617049178,6.634036662165615,9.362410500257802,12.435005346471177
HBGI,adolescent#003,2.3916826630165606,3.23774198504501,6.336206154042658,12.126231052754616,19.917554955498844,28.601950387239356
HBGI,adolescent#004,2.224715689295199,2.724243209847772,4.878815812678585,9.5043940994324,16.508477702092204,25.063682350977434
HBGI,adolescent#005,1.5757500689591504,1.9991572685427834,3.7782036128486793,7.454279693554776,12.71785560298302,18.793980810043713
HBGI,adolescent#006,1.1532472049263356,1.895361760738379,4.549201570631622,8.538719594204,12.359188593924625,15.293770790277913
HBGI,adolescent#007,2.275239917134633,2.5933002450618132,3.7913976363709807,5.883395996980886,8.442216475574972,11.032998076566155
HBGI,adolescent#008,2.1647049318188287,2.3196234526928787,2.9142798896553113,3.9912483298392174,5.362423239998116,6.77447030337311
HBGI,adolescent#009,1.4641562954696723,1.8592575225511694,3.446263060243966,6.591253248237324,10.963353735263928,15.822475107243402
HBGI,adolescent#010,2.2627521610734513,3.191393528682233,7.156155056316345,15.525383819044634,27.61495240871446,41.6271282429361
HBGI,adult#001,1.5143269389971967,1.6241157029056166,2.1139788600689164,3.186799439419702,4.9262193909426735,7.301081588485575
HBGI,adult#002,1.3065778888941249,1.6003738118415547,2.801809137609486,5.195460277026405,8.532633828530667,12.29668415745329
HBGI,adult#003,2.5421254442200487,3.4223641493673957,6.990137294916108,14.28830705580189,24.59939484115109,36.27706311943731
HBGI,adult#004,3.0243215105827743,4.297024512273225,9.603064060608204,20.106437716793092,34.281111629509844,49.7829040044083
HBGI,adult#005,1.9743873058544057,2.179434363645525,2.9214655148771245,4.277543560570414,6.12433899727083,8.24231674683696
HBGI,adult#006,1.2319311214062112,1.6961982632885841,3.9740425565550717,9.475447314050161,18.352549256470205,29.515261677184572
HBGI,adult#007,1.2171327398402052,2.366867240686097,8.427743454783347,22.934191246353304,44.46336435156369,68.8945812846898
HBGI,adult#008,2.043809760140087,2.400788921301035,3.8131626278032646,6.507939182377326,10.238088785248213,14.589857087962244
HBGI,adult#009,2.2605141970222262,2.4303355270527884,3.0425518255401256,4.135936940874626,5.6212732188562455,7.3941707042183085
HBGI,adult#010,3.281866025352842,3.5108928284688985,4.4609911236402855,6.342582564945504,9.00679485432865,12.132267470647013
HBGI,child#001,1.8677538645964316,4.405018658436054,18.26347867119361,47.88516326381701,85.01336472076483,121.35960569492913
HBGI,child#002,2.079200288715343,2.7929908262823426,5.558215834849842,10.933309779799403,18.348581811154357,26.784216242321826
HBGI,child#003,1.077705672314212,1.8642569212861684,4.915605147664877,10.380054103042296,17.130399281540683,24.175808979673572
HBGI,child#004,1.1364332514788251,4.453881774106469,20.346850638949824,49.31423567393536,82.34567477407244,113.80825472821827
HBGI,child#005,1.500554170076968,3.239149604904661,11.422813171490912,28.675956658834906,51.84474617831343,76.57775085339271
HBGI,child#006,1.9318086027785248,3.1106163446552872,8.030628245134572,17.874322919666888,31.24322302495086,46.025539438083065
HBGI,child#007,1.0251626730790213,1.5075966722595608,3.7375368471683594,8.66689384030586,15.910927372476815,24.20691671005143
HBGI,child#008,3.080666490642135,3.5335976764990695,5.305874513754278,8.825495178672565,13.94724724806738,20.12545901180616
HBGI,child#009,1.4205493809599168,2.755427380624811,8.697101953130762,19.570928843579438,32.21329550532819,46.11059641827389
HBGI,child#010,1.315459132532333,2.039778335366404,5.540148130562792,13.472289227237079,25.07041914150423,38.24594114152832
Risk Index,adolescent#001,2.7642608849710917,3.067007002241414,4.409538475293878,7.1359268546392345,10.923836288563603,15.05685518721845
Risk Index,adolescent#002,3.22822233722031,3.530422095284659,4.624627617049178,6.634036662165615,9.362410500257802,12.435005346471177
Risk Index,adolescent#003,2.3916826630165606,3.23774198504501,6.336206154042658,12.126231052754616,19.917554955498844,28.601950387239356
Risk Index,adolescent#004,2.224715689295199,2.724243209847772,4.878815812678585,9.5043940994324,16.508477702092204,25.063682350977434
Risk Index,adolescent#005,1.5757500689591504,1.9991572685427834,3.7782036128486793,7.454279693554776,12.71785560298302,18.793980810043713
Risk Index,adolescent#006,1.1532472049263356,1.895361760738379,4.549201570631622,8.538719594204,12.359188593924625,15.293770790277913
Risk Index,adolescent#007,2.275239917134633,2.5933002450618132,3.7913976363709807,5.883395996980886,8.442216475574972,11.032998076566155
Risk Index,adolescent#008,2.1647049318188287,2.3196234526928787,2.9142798896553113,3.9912483298392174,5.362423239998116,6.77447030337311
Risk Index,adolescent#009,1.4641562954696723,1.8592575225511694,3.446263060243966,6.591253248237324,10.963353735263928,15.822475107243402
Risk Index,adolescent#010,2.2627521610734513,3.191393528682233,7.156155056316345,15.525383819044634,27.61495240871446,41.6271282429361
Risk Index,adult#001,1.5143269389971967,1.6241157029056166,2.1139788600689164,3.186799439419702,4.9262193909426735,7.301081588485575
Risk Index,adult#002,1.3065778888941249,1.6003738118415547,2.801809137609486,5.195460277026405,8.532633828530667,12.29668415745329
Risk Index,adult#003,2.5421254442200487,3.4223641493673957,6.990137294916108,14.28830705580189,24.59939484115109,36.27706311943731
Risk Index,adult#004,3.0243215105827743,4.297024512273225,9.603064060608204,20.106437716793092,34.281111629509844,49.7829040044083
Risk Index,adult#005,1.9743873058544057,2.179434363645525,2.9214655148771245,4.277543560570414,6.12433899727083,8.24231674683696
Risk Index,adult#006,1.2319311214062112,1.6961982632885841,3.9740425565550717,9.475447314050161,18.352549256470205,29.515261677184572
Risk Index,adult#007,1.2171327398402052,2.366867240686097,8.427743454783347,22.934191246353304,44.46336435156369,68.8945812846898
Risk Index,adult#008,2.043809760140087,2.400788921301035,3.8131626278032646,6.507939182377326,10.238088785248213,14.589857087962244
Risk Index,adult#009,2.2605141970222262,2.4303355270527884,3.0425518255401256,4.135936940874626,5.6212732188562455,7.3941707042183085
Risk Index,adult#010,3.281866025352842,3.5108928284688985,4.4609911236402855,6.342582564945504,9.00679485432865,12.132267470647013
Risk Index,child#001,1.8677538645964316,4.405018658436054,18.26347867119361,47.88516326381701,85.01336472076483,121.35960569492913
Risk Index,child#002,2.079200288715343,2.7929908262823426,5.558215834849842,10.933309779799403,18.348581811154357,26.784216242321826
Risk Index,child#003,1.077705672314212,1.8642569212861684,4.915605147664877,10.380054103042296,17.130399281540683,24.175808979673572
Risk Index,child#004,1.1364332514788251,4.453881774106469,20.346850638949824,49.31423567393536,82.34567477407244,113.80825472821827
Risk Index,child#005,1.500554170076968,3.239149604904661,11.422813171490912,28.675956658834906,51.84474617831343,76.57775085339271
Risk Index,child#006,1.9318086027785248,3.1106163446552872,8.030628245134572,17.874322919666888,31.24322302495086,46.025539438083065
Risk Index,child#007,1.0251626730790213,1.5075966722595608,3.7375368471683594,8.66689384030586,15.910927372476815,24.20691671005143
Risk Index,child#008,3.080666490642135,3.5335976764990695,5.305874513754278,8.825495178672565,13.94724724806738,20.12545901180616
Risk Index,child#009,1.4205493809599168,2.755427380624811,8.697101953130762,19.570928843579438,32.21329550532819,46.11059641827389
Risk Index,child#010,1.315459132532333,2.039778335366404,5.540148130562792,13.472289227237079,25.07041914150423,38.24594114152832
