iter,ot_cost,elapsed_time
0,7.689857,40.055548429489136
1,9.927433,53.68435025215149
2,10.460522,54.36577105522156
3,10.890156,55.04804229736328
4,11.318881,55.73085331916809
5,11.6365795,56.4116907119751
6,11.977097,57.096094846725464
7,12.236614,57.78374934196472
8,12.55475,58.47047567367554
9,12.674156,59.15221953392029
10,12.200038,84.01635003089905
11,11.451212,84.70633554458618
12,10.918382,85.38701033592224
13,10.560031,86.06708431243896
14,10.121506,86.75657367706299
15,7.892596,87.43668746948242
16,6.9602795,88.11717343330383
17,3.8998013,88.79794597625732
18,1.1299672,89.47918820381165
19,-2.3058672,90.16787075996399
20,-2.689283,115.21120429039001
21,-5.950251,115.90292358398438
22,-8.564337,116.58683824539185
23,-8.804618,117.27243947982788
24,-11.672942,117.95334839820862
25,-16.88458,118.63545989990234
26,-13.339361,119.32323098182678
27,-13.92495,120.0097177028656
28,-14.334938,120.69166231155396
29,-14.161122,121.37377142906189
30,-14.344863,122.73993158340454
31,-20.426931,123.4261302947998
32,-34.587093,124.11178421974182
33,-25.835594,124.80637550354004
34,-21.802303,125.49435424804688
35,-19.719692,126.17785382270813
36,-18.08112,126.8590407371521
37,-17.902805,127.54042363166809
38,-14.037308,128.2238473892212
39,-14.118559,128.90604639053345
40,-12.000153,130.2675702571869
41,-14.677451,130.954980134964
42,-13.533689,131.6384301185608
43,-17.713018,132.32844829559326
44,-8.467567,133.01592755317688
45,-7.8807917,133.69992995262146
46,-6.1831865,134.383056640625
47,-5.6080894,135.0643389225006
48,-4.7394404,135.75321435928345
49,-3.811885,136.43554735183716
50,-2.7809951,137.7928650379181
51,-3.2742171,138.49391961097717
52,-2.9300492,139.17717504501343
53,-2.415204,139.8649799823761
54,-2.1265538,140.54634380340576
55,-1.7979574,141.22706580162048
56,-1.6969537,141.91592264175415
57,-1.5924796,142.5964879989624
58,-1.5700026,143.28305172920227
59,-1.5932052,143.97309923171997
60,-1.5302463,145.33767247200012
61,-1.575618,146.02880454063416
62,-1.4977462,146.71641182899475
63,-1.4715807,147.40252780914307
64,-1.5014075,148.10253143310547
65,-1.5751848,148.79549956321716
66,-1.5135598,149.4770667552948
67,-1.6057609,150.15924096107483
68,-1.7703651,150.84695625305176
69,-1.7163699,151.53746819496155
70,-1.6808687,152.89107608795166
71,-1.5435154,153.58323550224304
72,-1.524637,154.26810359954834
73,-1.464088,154.96098685264587
74,-1.5167875,155.65678787231445
75,-1.4973141,156.3389732837677
76,-1.6757114,157.02115607261658
77,-1.6155261,157.7046604156494
78,-1.5269206,158.38708877563477
79,-1.5051262,159.08476209640503
80,-1.427746,160.4386761188507
81,-1.3853372,161.12683296203613
82,-1.3693638,161.80941152572632
83,-1.2927387,162.50399041175842
84,-1.1801887,163.1860330104828
85,-1.0811872,163.8694314956665
86,-0.9820112,164.57100367546082
87,-0.9221967,165.25732707977295
88,-0.8600018,165.93840742111206
89,-0.78990084,166.62142944335938
90,-0.6998259,167.9851565361023
91,-0.64631873,168.66727328300476
92,-0.57315093,169.35674715042114
93,-0.52215654,170.04514408111572
94,-0.44505024,170.7271282672882
95,-0.3785897,171.41141510009766
96,-0.35410148,172.099445104599
97,-0.32336593,172.78289127349854
98,-0.32120264,173.4739556312561
99,-0.33028895,174.156804561615
100,-0.256104,175.51404809951782
101,-0.23247099,176.20996189117432
102,-0.19331527,176.8970901966095
103,-0.15969026,177.581440448761
104,-0.11417472,178.26291418075562
105,-0.08901155,178.94534349441528
106,-0.06639063,179.6254222393036
107,-0.060213923,180.30489110946655
108,-0.06843269,180.99369597434998
109,-0.042289734,181.67720413208008
110,-0.033715963,183.0694031715393
111,-0.03614223,183.75847172737122
112,-0.06860793,184.44207310676575
113,-0.05023408,185.12843561172485
114,-0.05810523,185.8179156780243
115,-0.101044536,186.50104570388794
116,-0.10253501,187.1808843612671
117,-0.1008234,187.86462116241455
118,-0.07503319,188.54660415649414
119,-0.08224952,189.24209094047546
120,-0.036898255,190.60630989074707
121,-0.05073309,191.300612449646
122,-0.03994918,191.98908042907715
123,-0.028330922,192.6755073070526
124,-0.0012972355,193.36195063591003
125,0.00876689,194.05124926567078
126,0.02097845,194.74869632720947
127,0.07988703,195.43205976486206
128,0.11159706,196.1224000453949
129,0.13112652,196.80290722846985
130,0.16453135,198.16161394119263
131,0.16702902,198.84637594223022
132,0.18354523,199.53228044509888
133,0.193591,200.21568846702576
134,0.22021389,200.9004044532776
135,0.22569239,201.58375906944275
136,0.22767901,202.2765715122223
137,0.23885089,202.9654426574707
138,0.2153449,203.651287317276
139,0.1974839,204.3375825881958
140,0.21463424,205.7090563774109
141,0.23153973,206.40569162368774
142,0.2374906,207.0893223285675
143,0.22755027,207.77268147468567
144,0.23255384,208.455472946167
145,0.23637575,209.140807390213
146,0.23237461,209.82399654388428
147,0.23332667,210.5070345401764
148,-0.47801888,211.20865654945374
149,0.19816732,211.88983869552612
150,0.17472494,213.24626994132996
151,0.17447037,213.94505381584167
152,0.20721155,214.63287830352783
153,0.20583922,215.31656861305237
154,0.15219182,215.99742674827576
155,0.21208763,216.6955943107605
156,0.2239294,217.3783073425293
157,0.23443532,218.06542491912842
158,0.2427243,218.74934649467468
159,0.21219885,219.4345042705536
160,0.2384609,220.80028772354126
161,0.25076318,221.4856297969818
162,0.26491296,222.1666886806488
163,0.28072357,222.85169863700867
164,0.28513527,223.5320429801941
165,0.2931962,224.21774673461914
166,0.29006445,224.89911699295044
167,0.29471302,225.57876205444336
168,0.31302547,226.259179353714
169,0.3098631,226.93850135803223
170,0.31770718,228.30808329582214
171,0.32178366,228.99733233451843
172,0.31525648,229.6804621219635
173,0.3189367,230.36104559898376
174,0.3187933,231.05868411064148
175,0.32455468,231.7386565208435
176,0.3088429,232.4255039691925
177,0.29266548,233.1136486530304
178,0.32746267,233.79890966415405
179,0.3354789,234.4809136390686
180,0.3448521,235.8493688106537
181,0.33503306,236.53278827667236
182,0.32703626,237.21962785720825
183,0.33444726,237.9081208705902
184,0.30084085,238.58883786201477
185,0.33325195,239.2694365978241
186,0.33920264,239.95534992218018
187,0.3591709,240.6361539363861
188,0.34062028,241.31736397743225
189,0.31580162,241.99789023399353
190,0.35272586,243.36167669296265
191,0.3604908,244.046293258667
192,0.36198914,244.73396372795105
193,0.38482606,245.41989541053772
194,0.38868892,246.10738849639893
195,0.1365509,246.78786873817444
196,0.38092864,247.4726424217224
197,0.3895017,248.15331029891968
198,0.3868053,248.83311772346497
199,0.38301873,249.5230269432068
200,0.31959605,250.88221883773804
201,0.3788941,251.5884771347046
202,0.37153673,252.26913356781006
203,0.3749423,252.95274591445923
204,0.3826747,253.63379549980164
205,0.35450983,254.3129506111145
206,0.383402,254.99509406089783
207,0.39653194,255.67630410194397
208,0.39618564,256.35758423805237
209,0.40082014,257.03705191612244
210,0.36634207,258.4128074645996
211,0.3306892,259.09449005126953
212,0.3593402,259.7792990207672
213,0.36337137,260.46656465530396
214,0.3648944,261.14728260040283
215,-1.2377741,261.8362798690796
216,0.38231528,262.51656556129456
217,0.40956187,263.19676876068115
218,0.40168142,263.8826713562012
219,0.41011453,264.5649883747101
220,0.41021883,265.92918133735657
221,0.39952326,266.6114046573639
222,0.41317892,267.2937009334564
223,0.41535163,267.9831266403198
224,0.4126085,268.6654291152954
225,0.41068304,269.34544110298157
226,0.41389143,270.0277192592621
227,0.40112126,270.711553812027
228,0.40145016,271.39457154273987
229,0.40451574,272.07555532455444
230,0.3869028,273.432284116745
231,0.38167715,274.11396408081055
232,0.3858285,274.80284237861633
233,0.38124573,275.4843063354492
234,0.38801324,276.1651792526245
235,0.3592919,276.8455445766449
236,0.38214946,277.5360324382782
237,0.3994305,278.21908712387085
238,0.40557182,278.9004662036896
239,0.40124917,279.58276319503784
240,0.406134,280.94807839393616
241,0.4312365,281.64840149879456
242,0.43065524,282.32922863960266
243,0.41844606,283.01095032691956
244,0.41946435,283.69127321243286
245,0.43011987,284.3717520236969
246,0.4324516,285.05333518981934
247,0.43237293,285.74733805656433
248,0.4310205,286.4352705478668
249,0.43319643,287.12326741218567
250,0.43242598,288.4853262901306
251,0.43058336,289.1792953014374
252,0.43010592,289.8657429218292
253,0.43250716,290.54759430885315
254,0.42944765,291.24197340011597
255,0.4388541,291.9328246116638
256,0.43350947,292.61782789230347
257,0.43015742,293.29889607429504
258,0.43357897,293.9794030189514
259,0.42434478,294.6764154434204
260,0.4223696,296.05025005340576
261,0.4256556,296.737149477005
262,0.43266773,297.4193603992462
263,0.40989327,298.0998282432556
264,0.43270767,298.78400683403015
265,0.4393667,299.4740719795227
266,0.43391097,300.1590404510498
267,0.43460524,300.84028840065
268,0.4386648,301.53589844703674
269,0.4298849,302.2331578731537
270,0.43655396,303.5879855155945
271,0.42558742,304.2773027420044
272,0.42072177,304.9593060016632
273,0.41329348,305.6463375091553
274,0.40300083,306.3270335197449
275,0.40129697,307.0166938304901
276,0.40757465,307.6988887786865
277,0.4106704,308.381028175354
278,0.4096551,309.07362604141235
279,0.41579986,309.75916481018066
280,0.44659984,311.132031917572
281,0.42229092,311.817405462265
282,0.4058746,312.5002579689026
283,0.4024539,313.18357825279236
284,0.40802217,313.8729739189148
285,0.35195756,314.5554766654968
286,0.41314805,315.2376775741577
287,0.40559876,315.9186100959778
288,0.40487134,316.6070725917816
289,0.3918017,317.29181361198425
290,0.39892197,318.64252185821533
291,0.37426507,319.330504655838
292,0.39123273,320.02758049964905
293,0.3836943,320.71418595314026
294,0.37537384,321.40333008766174
295,0.31254375,322.0856263637543
296,0.3196348,322.76550483703613
297,0.37655842,323.4532289505005
298,0.37884307,324.1340436935425
299,0.3585204,324.81415605545044
300,0.3658383,326.17690420150757
301,0.39322197,326.8787705898285
302,0.39427197,327.56223034858704
303,0.39366198,328.25071930885315
304,0.39224553,328.93490862846375
305,0.39879155,329.61912775039673
306,0.36852276,330.3040487766266
307,0.3740965,331.000972032547
308,0.38997328,331.68182134628296
309,0.38679135,332.3636968135834
310,0.38167238,333.72663044929504
311,0.33970094,334.4160404205322
312,0.38696873,335.1066617965698
313,0.3833208,335.7869644165039
314,0.39611912,336.46718740463257
315,0.39093804,337.15303134918213
316,0.39280987,337.834676027298
317,0.39612687,338.5157198905945
318,0.3966906,339.21463203430176
319,0.40493357,339.8943648338318
320,0.3907026,341.2443177700043
321,0.3926351,341.93079805374146
322,0.42751467,342.6147835254669
323,0.39133644,343.29562878608704
324,0.35991013,343.9762132167816
325,0.37714863,344.6634635925293
326,0.3665892,345.3484196662903
327,0.38518035,346.0349335670471
328,0.40187752,346.71936106681824
329,0.40272772,347.40770506858826
330,0.4027089,348.76145482063293
331,0.39819086,349.4476797580719
332,0.39488065,350.14214277267456
333,0.39167857,350.8307776451111
334,0.383906,351.5174057483673
335,0.38292134,352.19833517074585
336,0.38254583,352.8796737194061
337,0.3868643,353.56169390678406
338,0.37719393,354.2429141998291
339,0.38393724,354.9287910461426
340,0.3932221,356.3036673069
341,0.39145088,356.98875546455383
342,0.40341496,357.6699047088623
343,0.39818156,358.3631453514099
344,0.39340508,359.044011592865
345,0.40037906,359.7240540981293
346,0.40101123,360.41484928131104
347,0.40262318,361.0958323478699
348,0.40197968,361.7777826786041
349,0.39504802,362.46840023994446
350,0.39558792,363.82613492012024
351,0.40125132,364.5225775241852
352,0.40432,365.21624183654785
353,0.40570092,365.90292954444885
354,0.4046017,366.58364844322205
355,0.4121734,367.28109312057495
356,0.41392046,367.9611692428589
357,0.4127735,368.656368970871
358,0.40517938,369.3438811302185
359,0.40715712,370.0318853855133
360,0.40345,371.4063835144043
361,0.40090746,372.10261058807373
362,0.39637536,372.784471988678
363,0.39226335,373.4687588214874
364,0.39176905,374.15258502960205
365,0.39990127,374.834166765213
366,0.39169383,375.51417326927185
367,0.39681637,376.195351600647
368,0.41160703,376.88512349128723
369,0.4151287,377.5727963447571
370,0.4081306,378.9246153831482
371,0.40412706,379.60617327690125
372,0.39778423,380.2877583503723
373,0.40860057,380.9740343093872
374,0.40562427,381.65646529197693
375,0.40337813,382.33834195137024
376,0.39900005,383.0203342437744
377,0.41616988,383.70876693725586
378,0.4244045,384.3957347869873
379,0.42288864,385.0817551612854
380,0.42451227,386.44125270843506
381,0.42376173,387.1326789855957
382,0.41621494,387.81503081321716
383,0.42102706,388.50218439102173
384,0.41947126,389.1855285167694
385,0.42498505,389.86899733543396
386,0.4285872,390.5518341064453
387,0.39134562,391.2331042289734
388,0.42857182,391.91648983955383
389,0.425874,392.5978298187256
390,0.41888106,393.95309114456177
391,-1136.7443,394.6368565559387
392,0.42194408,395.3248972892761
393,0.3998382,396.00566482543945
394,0.36917552,396.6875376701355
395,0.31954008,397.3688313961029
396,0.26963845,398.0496063232422
397,0.22441855,398.7329053878784
398,0.21546027,399.4135456085205
399,0.13991016,400.0943157672882
400,0.10557622,401.44836711883545
401,0.08010405,402.15003871917725
402,0.057466924,402.83520436286926
403,0.032059014,403.517130613327
404,0.020522118,404.2032091617584
405,0.01398617,404.8884217739105
406,0.016286612,405.5867006778717
407,0.020632982,406.26912450790405
408,0.029406011,406.95343041419983
409,0.03995484,407.6340899467468
410,0.056714594,409.0028626918793
411,0.06949043,409.6905415058136
412,0.08285385,410.37634348869324
413,0.10359061,411.0563850402832
414,0.11907029,411.7366096973419
415,0.13422132,412.41659665107727
416,0.14191133,413.0998885631561
417,0.16042262,413.77946186065674
418,0.17377895,414.46253180503845
419,0.18482739,415.14197611808777
420,0.19290161,416.50559401512146
421,0.20168054,417.1889696121216
422,0.21170789,417.87119150161743
423,0.2263121,418.5610113143921
424,-6.355648,419.2436499595642
425,0.2523743,419.92799043655396
426,0.24341321,420.61567282676697
427,0.25763977,421.29975414276123
428,0.25743625,421.9817349910736
429,0.2614753,422.66291093826294
430,0.26426306,424.0187027454376
431,0.26530138,424.70459365844727
432,0.2690057,425.3878827095032
433,0.26950788,426.0758023262024
434,0.27291322,426.76263427734375
435,0.29023623,427.4560594558716
436,0.2949431,428.14233136177063
437,0.29518533,428.82410049438477
438,0.29474485,429.50584745407104
439,0.29876262,430.19021582603455
440,0.31506276,431.5460901260376
441,0.31412485,432.23473072052
442,0.31977186,432.9160475730896
443,0.31791788,433.60180020332336
444,0.32139897,434.2847101688385
445,0.32190436,434.97336173057556
446,0.31548545,435.65874314308167
447,0.3235021,436.3412489891052
448,0.3232728,437.0228669643402
449,0.32365096,437.70425152778625
450,0.338734,439.0631995201111
451,0.34583116,439.7592315673828
452,0.34678808,440.4504563808441
453,0.34941334,441.13616585731506
454,0.34331834,441.8178222179413
455,0.34948647,442.50059628486633
456,0.3604902,443.1846878528595
457,0.36065993,443.866738319397
458,0.336351,444.5485076904297
459,0.36230075,445.2302174568176
460,0.37027115,446.59452772140503
461,0.36937016,447.2827343940735
462,0.38433972,447.96904015541077
463,0.38074222,448.6702003479004
464,0.3807112,449.35164737701416
465,0.35537317,450.04499673843384
466,0.3696947,450.72623443603516
467,0.3669524,451.4176208972931
468,0.3778214,452.09811210632324
469,0.3770927,452.7843391895294
470,0.38140905,454.1360082626343
471,0.37679195,454.8176827430725
472,0.37008283,455.51033329963684
473,0.3662346,456.19111919403076
474,0.36623508,456.87367725372314
475,0.36345157,457.5541093349457
476,0.34817204,458.2445375919342
477,0.35509896,458.933890581131
478,0.35961157,459.6226234436035
479,0.3551078,460.30348467826843
480,0.3580771,461.65798115730286
481,0.35971195,462.34020233154297
482,0.3662619,463.0255444049835
483,0.36407882,463.72451090812683
484,0.3655879,464.41045236587524
485,0.37002182,465.09242153167725
486,0.37640345,465.77439641952515
487,0.38160765,466.4603316783905
488,0.38609314,467.14030265808105
489,0.38132495,467.8264527320862
490,0.37757558,469.1822874546051
491,0.38469398,469.8642773628235
492,0.38146913,470.54594326019287
493,0.3859743,471.2270483970642
494,0.375714,471.9079487323761
495,0.37514162,472.5884220600128
496,0.3710817,473.2721951007843
497,0.37745923,473.9534831047058
498,0.3927642,474.63862919807434
499,0.3836431,475.32464599609375
500,0.3974495,476.6789436340332
501,0.39212978,477.3756465911865
502,0.39137405,478.070072889328
503,0.39981598,478.7674129009247
504,0.4004184,479.44698190689087
505,0.4025553,480.12666392326355
506,0.40749073,480.80904054641724
507,0.4086342,481.50254249572754
508,0.40098333,482.1916825771332
509,0.400257,482.87414836883545
510,0.40925825,484.2326469421387
511,0.4097731,484.91774344444275
512,0.40867507,485.6018109321594
513,0.409788,486.28654193878174
514,0.4018324,486.97659063339233
515,0.40820777,487.6586616039276
516,0.41937467,488.3408317565918
517,0.41723916,489.0269606113434
518,0.42022294,489.7085952758789
519,0.42295495,490.38998198509216
520,0.4201471,491.75270318984985
521,0.42676988,492.4352583885193
522,0.4290642,493.1208064556122
523,0.4261719,493.8016519546509
524,0.4305206,494.4964497089386
525,0.43519765,495.1861448287964
526,0.42990077,495.8759436607361
527,0.42894667,496.56419014930725
528,0.42994937,497.24568223953247
529,0.42901698,497.93080949783325
530,0.42976576,499.292756319046
531,0.42707366,499.9797065258026
532,0.4267306,500.67377829551697
533,0.42816445,501.3579659461975
534,0.42905608,502.05912375450134
535,0.43125182,502.74837732315063
536,0.43241662,503.43635177612305
537,0.4259951,504.11800360679626
538,0.42887086,504.79979038238525
539,0.43473867,505.48158025741577
540,-0.028864652,506.84366822242737
541,0.4381586,507.5287506580353
542,0.43145546,508.21577072143555
543,0.41817635,508.904821395874
544,0.41491386,509.58855867385864
545,0.40228224,510.27915716171265
546,0.40263766,510.97692608833313
547,0.39729577,511.65815567970276
548,0.3963273,512.3410491943359
549,0.3967675,513.0261423587799
550,0.3994534,514.3991026878357
551,0.40347588,515.1127059459686
552,0.40186962,515.8153774738312
553,0.3998059,516.51518034935
554,0.409021,517.2086145877838
555,0.42165983,517.9008667469025
556,0.42485756,518.5862174034119
557,0.41808748,519.2683689594269
558,0.41646054,519.9592521190643
559,0.42403322,520.6465673446655
560,0.4207852,522.0158152580261
561,0.41476345,522.6991889476776
562,0.41473654,523.3842914104462
563,0.4165877,524.07040143013
564,0.40798748,524.7609968185425
565,0.3972989,525.4522800445557
566,0.3753364,526.1408348083496
567,0.37038103,526.8355174064636
568,0.39542484,527.5184843540192
569,0.4137043,528.2122602462769
570,0.40442142,529.5803196430206
571,0.39936787,530.2670378684998
572,0.4170543,530.9595632553101
573,0.43712848,531.6641054153442
574,0.43616766,532.3509395122528
575,0.43980145,533.0363810062408
576,0.43482226,533.7241520881653
577,0.43854845,534.4151017665863
578,0.44291615,535.1063628196716
579,0.45164713,535.8010067939758
580,0.44420704,537.1648409366608
581,0.4258421,537.8584079742432
582,0.44014075,538.5577027797699
583,0.4470742,539.2456386089325
584,0.4508994,539.9364328384399
585,0.4469982,540.6251702308655
586,0.45571402,541.3114111423492
587,0.4492757,542.000342130661
588,0.45203534,542.6921758651733
589,0.4497676,543.3794369697571
590,0.45587984,544.749662399292
591,0.4479503,545.4343712329865
592,0.44906554,546.1222169399261
593,0.4516299,546.8052821159363
594,0.45457265,547.4917619228363
595,0.45866263,548.1797034740448
596,0.4595398,548.8710100650787
597,0.4686843,549.5797162055969
598,0.46594903,550.272894859314
599,0.45930642,550.9574775695801
600,0.46109074,552.315681219101
601,0.43821833,553.0203275680542
602,0.43734527,553.7068786621094
603,0.43998826,554.3874115943909
604,0.43920547,555.0781292915344
605,0.4432391,555.758730173111
606,0.44188628,556.4396743774414
607,0.44235593,557.1239259243011
608,0.44457898,557.8157782554626
609,0.44519633,558.5069208145142
610,0.45040306,559.8671596050262
611,0.4322285,560.5490555763245
612,0.43600515,561.2318930625916
613,0.43372753,561.9227964878082
614,0.43809307,562.6060724258423
615,0.43718344,563.3017840385437
616,0.43890774,563.9958002567291
617,0.43861857,564.68803191185
618,0.4354595,565.3791501522064
619,0.4304393,566.0742497444153
620,0.4298751,567.4406063556671
621,0.42030495,568.1408598423004
622,0.42295247,568.8298342227936
623,0.4222604,569.5143713951111
624,0.42052534,570.1986775398254
625,0.41577533,570.8796122074127
626,0.4200418,571.5818495750427
627,0.42658222,572.2737846374512
628,0.42450127,572.9636335372925
629,0.42210934,573.6529273986816
630,0.42936292,575.0299472808838
631,0.41040364,575.7136254310608
632,0.4156005,576.4033319950104
633,0.4229073,577.0940184593201
634,0.4263857,577.7778680324554
635,0.4283646,578.467643737793
636,0.42943546,579.1563119888306
637,0.4286839,579.8396224975586
638,0.4393803,580.5290372371674
639,0.44352826,581.219568490982
640,0.4320723,582.5893895626068
641,0.40510508,583.2769675254822
642,0.40444314,583.9603033065796
643,0.41228995,584.6545267105103
644,0.4069435,585.343133687973
645,0.4047812,586.0248422622681
646,0.41128865,586.7146461009979
647,0.40762225,587.4015429019928
648,0.41521338,588.093364238739
649,0.4156263,588.7749977111816
650,0.40747097,590.1433036327362
651,0.3756805,590.8432607650757
652,0.38028926,591.532389163971
653,0.37891766,592.2189345359802
654,0.3795671,592.9024980068207
655,0.38162392,593.5851752758026
656,0.38421944,594.2675580978394
657,0.38815317,594.9495797157288
658,0.38238728,595.6442966461182
659,0.3829853,596.3308596611023
660,0.37798464,597.700345993042
661,0.34930155,598.3898229598999
662,0.34948915,599.0760033130646
663,0.34865025,599.766143321991
664,0.3497818,600.4485106468201
665,0.35684243,601.1312389373779
666,0.3575151,601.8140926361084
667,0.35891435,602.4987118244171
668,0.35756302,603.1805446147919
669,0.35904714,603.8641262054443
670,0.35439122,605.2288768291473
671,0.32254297,605.9144303798676
672,0.32501632,606.5984563827515
673,0.32824516,607.2852237224579
674,0.326224,607.9679148197174
675,0.32170627,608.6518459320068
676,0.31613737,609.3371987342834
677,0.31877273,610.025860786438
678,0.31445873,610.7082235813141
679,0.31757376,611.3899323940277
680,0.31328556,612.7522563934326
681,0.26021686,613.4418392181396
682,0.26363197,614.1239485740662
683,0.26593468,614.8145179748535
684,0.2630201,615.4989893436432
685,0.26135325,616.1814632415771
686,0.26813227,616.870192527771
687,0.271864,617.5512433052063
688,0.2712166,618.2331283092499
689,0.27826488,618.9164891242981
690,0.2760554,620.2804000377655
691,0.22579604,620.9815542697906
692,0.23037007,621.6648581027985
693,0.22529891,622.3523435592651
694,0.23052624,623.0362436771393
695,0.30919,623.7320876121521
696,0.23700571,624.4156262874603
697,0.24094458,625.0993185043335
698,0.24723455,625.7879481315613
699,0.24932161,626.4709162712097
700,0.25110167,627.8288617134094
701,0.22738847,628.5332698822021
702,0.23217636,629.2229030132294
703,0.23519479,629.9120724201202
704,0.24730375,630.5953712463379
705,0.23677361,631.2805137634277
706,0.24976963,631.9640820026398
707,0.2517811,632.6506400108337
708,0.25642556,633.3355033397675
709,0.261195,634.0189731121063
710,0.25965735,635.3946726322174
711,0.24538668,636.0845863819122
712,0.24007669,636.7716906070709
713,0.24379086,637.4536726474762
714,0.24572222,638.1362736225128
715,0.25182438,638.8211596012115
716,0.24105293,639.5032117366791
717,0.25513723,640.194239616394
718,0.25706992,640.8810632228851
719,0.25831008,641.5667428970337
720,0.25452036,642.92924284935
721,0.2434443,643.6145508289337
722,0.25485608,644.3028702735901
723,0.259369,644.9994125366211
724,0.2569757,645.6873466968536
725,0.25974315,646.3699190616608
726,0.26573488,647.0564744472504
727,0.26518887,647.755247592926
728,0.2653588,648.4425461292267
729,0.26374274,649.1267290115356
730,0.272758,650.499142408371
731,0.2590381,651.1882436275482
732,0.25499487,651.8786430358887
733,0.26058695,652.5673134326935
734,0.26289892,653.2502405643463
735,0.26538247,653.9337236881256
736,0.26782063,654.6302237510681
737,0.2643708,655.3115301132202
738,0.26202536,655.9944849014282
739,0.2670253,656.6921694278717
740,0.27872387,658.0513391494751
741,0.27513328,658.7430183887482
742,0.28245705,659.4254713058472
743,0.2818192,660.1096065044403
744,0.27837425,660.7920520305634
745,0.27963173,661.4743220806122
746,0.28394663,662.1552968025208
747,0.2855256,662.8404941558838
748,0.2831855,663.5224616527557
749,0.29015887,664.2049374580383
750,0.29344982,665.570160150528
751,0.28479636,666.2686207294464
752,0.28727588,666.9585831165314
753,0.2856171,667.6401114463806
754,0.28085253,668.3268892765045
755,0.27793798,669.0085670948029
756,0.27651814,669.6901621818542
757,0.28426343,670.3795635700226
758,0.28774312,671.0682044029236
759,0.28845596,671.7580578327179
760,0.2853501,673.1390066146851
761,0.2678386,673.8599014282227
762,0.27490148,674.5511410236359
763,0.2777453,675.2373070716858
764,0.27257186,675.9308784008026
765,0.27946928,676.6249623298645
766,0.2823886,677.3163576126099
767,0.28465372,677.9980115890503
768,0.2842364,678.6815445423126
769,0.19997036,679.3661508560181
770,0.2845966,680.7374641895294
771,0.258699,681.4236071109772
772,0.2587611,682.1059677600861
773,0.25718123,682.786942243576
774,0.25977513,683.4706304073334
775,0.2608855,684.1519129276276
776,0.27561903,684.8374772071838
777,0.27681348,685.5304312705994
778,0.2773238,686.2231066226959
779,0.27612546,686.9038262367249
780,0.28578365,688.2600545883179
781,0.26452103,688.9539473056793
782,0.2662487,689.6398751735687
783,0.25485837,690.3213703632355
784,0.24261421,691.0055742263794
785,0.24141788,691.6922564506531
786,0.24789521,692.3735947608948
787,0.2500096,693.0610108375549
788,0.25133294,693.7456240653992
789,0.2645046,694.4312777519226
790,0.26172036,695.7915408611298
791,0.25017875,696.474303483963
792,0.25451484,697.1561465263367
793,0.25062302,697.8395662307739
794,0.24436617,698.527012348175
795,0.24494475,699.2181761264801
796,0.24711373,699.9021162986755
797,0.2496795,700.5837578773499
798,0.2524826,701.274495601654
799,0.25514436,701.9601566791534
800,0.2599392,703.3245418071747
801,0.23814383,704.0198106765747
802,0.236281,704.706793308258
803,0.23432575,705.3908636569977
804,0.23046274,706.0727026462555
805,0.23253177,706.7541596889496
806,0.22775461,707.4403374195099
807,0.2252897,708.1251249313354
808,0.2302282,708.8074915409088
809,0.22227335,709.4926433563232
810,0.22496764,710.859635591507
811,0.22628665,711.5448677539825
812,0.21932325,712.2279260158539
813,0.22421975,712.9131999015808
814,0.2280821,713.6019604206085
815,0.2266046,714.2847044467926
816,0.22358574,714.967164516449
817,0.2292802,715.6479263305664
818,0.45739207,716.3314213752747
819,0.22797701,717.0301485061646
820,0.2323206,718.3861417770386
821,0.23122254,719.0750544071198
822,0.24191213,719.7582626342773
823,0.22347343,720.4504284858704
824,0.22722921,721.132346868515
825,0.22576414,721.8152525424957
826,0.21098426,722.4986295700073
827,0.20957476,723.1886487007141
828,0.2195388,723.8713653087616
829,0.21014978,724.5536587238312
830,0.2129783,725.9091665744781
831,0.22443317,726.5925521850586
832,0.22086799,727.2814378738403
833,0.23001195,727.9681494235992
834,0.22520411,728.6557621955872
835,0.22992976,729.340970993042
836,0.22839084,730.023809671402
837,0.22606409,730.7062902450562
838,0.22507001,731.3917555809021
839,0.23462188,732.0775861740112
840,0.23204938,733.4398875236511
841,0.22733483,734.1269993782043
842,0.23048472,734.8095297813416
843,0.23408473,735.4904866218567
844,0.2372033,736.1759598255157
845,0.23511371,736.8629858493805
846,0.23722112,737.5488257408142
847,0.23892593,738.2331967353821
848,0.24207622,738.918069601059
849,0.24077046,739.5985472202301
850,0.24787183,740.956179857254
851,0.22504205,741.6550869941711
852,0.22779621,742.3548045158386
853,0.23575675,743.0424599647522
854,0.23785359,743.7328255176544
855,0.23984528,744.4244601726532
856,0.2424727,745.1196792125702
857,0.2518155,745.819783449173
858,0.24905181,746.5099883079529
859,0.2511991,747.2066214084625
860,0.23516417,748.5767335891724
861,0.22687769,749.2619080543518
862,0.22551683,749.9461379051208
863,0.21769652,750.6389603614807
864,0.22584303,751.3226161003113
865,0.23154968,752.0073149204254
866,0.23295094,752.6936628818512
867,0.23245785,753.3819756507874
868,0.22231683,754.0662665367126
869,0.22826536,754.7621414661407
870,0.2203782,756.1207637786865
871,0.2266904,756.804714679718
872,0.23173578,757.4886775016785
873,0.23277421,758.1714472770691
874,0.23840421,758.8559200763702
875,0.22323033,759.5440564155579
876,0.2038311,760.227819442749
877,0.20252837,760.9100782871246
878,0.21665311,761.5942234992981
879,0.22346808,762.2765855789185
880,0.23447123,763.636246919632
881,0.2097902,764.319459438324
882,0.21063267,765.0090651512146
883,0.20560847,765.697870016098
884,0.22504902,766.3875637054443
885,0.2290517,767.0689706802368
886,0.23451081,767.7507243156433
887,0.23739615,768.4335720539093
888,0.23295668,769.114782333374
889,0.22799179,769.7959973812103
890,0.22340067,771.1503047943115
891,0.20761625,771.8349413871765
892,0.21019247,772.5176005363464
893,0.20262742,773.202752828598
894,0.19837265,773.8840205669403
895,0.19337083,774.5724458694458
896,0.18643092,775.2533113956451
897,0.17606266,775.9340124130249
898,0.17783332,776.6276080608368
899,0.17126074,777.3111684322357
900,0.17760107,778.6759974956512
901,0.15753588,779.3715784549713
902,0.164845,780.0682842731476
903,0.15685329,780.751692533493
904,0.16175182,781.4339337348938
905,0.17132121,782.1303503513336
906,0.18129744,782.8210172653198
907,0.1756888,783.502786397934
908,0.1753028,784.1913523674011
909,0.17422476,784.8746252059937
910,0.17605156,786.2367098331451
911,0.16572869,786.9200527667999
912,0.16742826,787.6017599105835
913,0.16399544,788.2833480834961
914,0.15653136,788.9736475944519
915,0.15437984,789.6618628501892
916,0.15628494,790.347047328949
917,0.1590858,791.0449228286743
918,0.16475604,791.7276656627655
919,0.16731054,792.412184715271
920,0.17402257,793.7858064174652
921,0.17356744,794.4748229980469
922,0.17385885,795.1656439304352
923,0.17412718,795.8579602241516
924,0.17638293,796.5417995452881
925,0.17759658,797.2288162708282
926,0.18022607,797.915515422821
927,0.18921533,798.6083908081055
928,0.19515382,799.2924342155457
929,0.19719574,799.9776272773743
930,0.20284833,801.3476233482361
931,0.17975205,802.03355717659
932,0.17522936,802.7181484699249
933,0.16896461,803.4003071784973
934,0.16335078,804.0832028388977
935,0.1541061,804.7656028270721
936,0.15284511,805.4513230323792
937,0.15494405,806.1385250091553
938,0.13997903,806.8227913379669
939,0.13697031,807.5059571266174
940,0.13504371,808.8752706050873
941,0.12641603,809.5668776035309
942,0.13053198,810.25097823143
943,0.13630004,810.9372456073761
944,0.13395253,811.6194224357605
945,0.14026192,812.3122251033783
946,0.14445616,813.0009608268738
947,0.153464,813.6823518276215
948,0.15511316,814.3733239173889
949,0.17193645,815.0615200996399
950,0.17187232,816.4202110767365
951,0.13870549,817.1217172145844
952,0.14012814,817.8047642707825
953,0.13679342,818.4913694858551
954,0.14806378,819.1798603534698
955,0.1312584,819.8611438274384
956,0.12628666,820.5430142879486
957,0.13006915,821.2255940437317
958,0.12448861,821.9077944755554
959,0.12413968,822.5900864601135
960,0.120761454,823.9564566612244
961,0.106752664,824.6391994953156
962,0.10718788,825.3287167549133
963,0.10624893,826.0171113014221
964,0.11801723,826.698294878006
965,0.11409624,827.3804614543915
966,0.11902623,828.0614333152771
967,0.115905136,828.750568151474
968,0.12236922,829.4395751953125
969,0.12473739,830.1220676898956
970,0.13245194,831.4888482093811
971,0.12653589,832.1735525131226
972,0.12759036,832.8574500083923
973,0.12837031,833.5431380271912
974,0.12883331,834.2258293628693
975,0.12863675,834.9228377342224
976,0.12959448,835.6132159233093
977,0.12569389,836.3004748821259
978,0.11638425,837.006395816803
979,0.117767185,837.7006185054779
980,0.11646347,839.062593460083
981,0.105441555,839.7576558589935
982,0.10451698,840.4444439411163
983,0.10587415,841.1355805397034
984,0.10651318,841.8336925506592
985,0.103017725,842.5266180038452
986,0.1047402,843.2196621894836
987,0.10515344,843.9236388206482
988,0.1104718,844.619455575943
989,0.111551635,845.3047277927399
990,0.11469839,846.6847791671753
991,0.10846527,847.3795535564423
992,0.11348099,848.0831651687622
993,0.1162728,848.7713899612427
994,0.120857894,849.4654650688171
995,0.12444323,850.1582865715027
996,0.1268531,850.8499827384949
997,0.12529995,851.5329859256744
998,0.12065396,852.2293980121613
999,0.11828868,852.9162354469299
1000,0.11985381,854.3055157661438
1001,0.10505921,855.0079638957977
1002,0.10054594,855.6948997974396
1003,0.09891026,856.4016470909119
1004,0.095777914,857.091540813446
1005,0.09893366,857.7791316509247
1006,0.10111874,858.4642405509949
1007,0.10463129,859.149870634079
1008,0.10572826,859.8357133865356
1009,0.10744767,860.5238447189331
1010,0.10561366,861.8899772167206
1011,0.10585393,862.5801479816437
1012,0.1077707,863.2634358406067
1013,0.11157182,863.9468579292297
1014,0.11023776,864.63831782341
1015,0.10946987,865.3202230930328
1016,0.11198853,866.0053081512451
1017,0.113872014,866.6913349628448
1018,0.11551516,867.3767004013062
1019,0.112251975,868.0590295791626
1020,0.10986845,869.417670249939
1021,0.10686944,870.1004707813263
1022,0.10651524,870.7868695259094
1023,0.10245783,871.4820370674133
1024,0.102585524,872.1783194541931
1025,0.10572731,872.8643045425415
1026,0.1027382,873.5646059513092
1027,0.103640646,874.2742202281952
1028,0.10449642,874.9836518764496
1029,0.106376834,875.6790215969086
1030,0.10613591,877.0662446022034
1031,0.10108115,877.7544667720795
1032,0.1035378,878.4447515010834
1033,0.10377219,879.1458084583282
1034,0.10558307,879.8351149559021
1035,0.10845305,880.5235507488251
1036,0.11037399,881.226416349411
1037,0.1124775,881.9102122783661
1038,0.11568447,882.6056706905365
1039,0.113878824,883.3137936592102
1040,0.108500674,884.6977183818817
1041,0.10397278,885.3822858333588
1042,0.10176292,886.0713415145874
1043,0.10329656,886.7661805152893
1044,0.10253608,887.4708762168884
1045,0.10487534,888.1553192138672
1046,0.104916014,888.8380169868469
1047,0.10284696,889.5330283641815
1048,0.102374926,890.2245621681213
1049,0.098951265,890.9196255207062
1050,0.10126072,892.2906806468964
1051,0.094375655,892.9932935237885
1052,0.09329747,893.6773962974548
1053,0.0867988,894.359555721283
1054,0.09454712,895.0501160621643
1055,0.08973918,895.7395286560059
1056,0.09042803,896.4303729534149
1057,0.097976714,897.1282813549042
1058,0.10447844,897.8174364566803
1059,0.10923453,898.5302159786224
1060,0.10971526,899.9194896221161
1061,0.09594186,900.6231968402863
1062,0.09865731,901.3210411071777
1063,0.09748323,902.0053617954254
1064,0.09983456,902.7030606269836
1065,0.101944506,903.4033529758453
1066,0.102237165,904.0858500003815
1067,0.10009009,904.7685968875885
1068,0.09622632,905.4587666988373
1069,0.09924325,906.144504070282
1070,0.09966406,907.5130832195282
1071,0.09908463,908.2140924930573
1072,0.09742063,908.900853395462
1073,0.10280171,909.5883574485779
1074,0.10490602,910.2738671302795
1075,0.10783143,910.9580535888672
1076,0.10201118,911.6428127288818
1077,0.10456398,912.3292100429535
1078,0.108881384,913.0167691707611
1079,0.10951609,913.7137949466705
1080,0.11203167,915.0719730854034
1081,0.11169511,915.7566640377045
1082,0.11265044,916.4405727386475
1083,0.11177103,917.1236910820007
1084,0.10774176,917.8070192337036
1085,0.10607308,918.4886152744293
1086,0.10229585,919.1784982681274
1087,0.099767916,919.8618047237396
1088,0.09708999,920.5430054664612
1089,0.0949932,921.2241940498352
1090,0.097682625,922.5835568904877
1091,0.0943124,923.2802488803864
1092,0.0980435,923.971250295639
1093,0.10142825,924.6548037528992
1094,0.10579498,925.3383269309998
1095,0.10978019,926.0295317173004
1096,0.11280476,926.7119333744049
1097,0.112993866,927.3954179286957
1098,0.11530295,928.0785806179047
1099,0.112572595,928.7612013816833
1100,0.11373462,930.1210944652557
1101,0.110582784,930.8181304931641
1102,0.11153942,931.5014927387238
1103,0.10894632,932.1845574378967
1104,0.106978506,932.8699119091034
1105,0.10740268,933.5529472827911
1106,0.10684268,934.2374787330627
1107,0.10772383,934.9193840026855
1108,0.11143519,935.6025471687317
1109,0.114087105,936.2905044555664
1110,0.11702642,937.6693980693817
1111,0.12034406,938.3631618022919
1112,0.11943154,939.049567937851
1113,0.12024894,939.7366590499878
1114,0.107949495,940.4248254299164
1115,0.11371969,941.111914396286
1116,0.11234482,941.7974228858948
1117,0.107530944,942.4827308654785
1118,0.10038692,943.1647593975067
1119,0.09627695,943.8519039154053
1120,0.09104111,945.2206108570099
1121,0.08730689,945.9111597537994
1122,0.087089255,946.603789806366
1123,0.08900389,947.2933723926544
1124,0.097082675,947.982813835144
1125,0.10413303,948.6729896068573
1126,0.10418353,949.3585221767426
1127,0.10965766,950.0404188632965
1128,0.113477856,950.7276091575623
1129,0.11190739,951.4174244403839
1130,0.11207682,952.7850251197815
1131,0.10338041,953.4736721515656
1132,0.0999859,954.1591982841492
1133,0.101177156,954.8444454669952
1134,0.10448259,955.5283069610596
1135,0.10034433,956.2147810459137
1136,0.09471117,956.9047207832336
1137,0.095418364,957.5878043174744
1138,0.0987359,958.2699427604675
1139,0.09818143,958.953711271286
1140,0.10237491,960.315699338913
1141,0.100420386,961.0022556781769
1142,0.10255826,961.6912331581116
1143,0.10622755,962.3783011436462
1144,0.10431601,963.0613782405853
1145,0.09649849,963.7432606220245
1146,0.08715522,964.4301216602325
1147,0.07960521,965.1234357357025
1148,0.07440621,965.8089349269867
1149,0.064710006,966.4995172023773
1150,0.060730636,967.8552813529968
1151,0.07372376,968.5544679164886
1152,0.071718276,969.2364828586578
1153,0.07364544,969.9198098182678
1154,0.08470453,970.6106579303741
1155,0.100485206,971.2914474010468
1156,0.114920236,971.973256111145
1157,0.12947887,972.6556565761566
1158,0.13630332,973.3386180400848
1159,0.13505691,974.020364522934
1160,0.12639362,975.4050981998444
1161,0.11328964,976.0908958911896
1162,0.098352864,976.7738432884216
1163,0.09080264,977.464451789856
1164,0.09808211,978.164689540863
1165,0.08512519,978.8484265804291
1166,0.07866493,979.5382220745087
1167,0.068040684,980.2236185073853
1168,0.079514354,980.910995721817
1169,0.10357554,981.5944013595581
1170,0.13012984,982.9627161026001
1171,0.1640228,983.6479284763336
1172,0.19288318,984.3306138515472
1173,0.20888679,985.0194935798645
1174,0.21048784,985.7009198665619
1175,0.20407467,986.3857388496399
1176,13.28537,987.0682890415192
1177,0.079399034,987.7499253749847
1178,0.026178658,988.4423675537109
1179,-0.030279338,989.1298704147339
1180,-0.086055905,990.4928259849548
1181,-0.10112989,991.182014465332
1182,-0.09678784,991.8660926818848
1183,-0.06393775,992.5527613162994
1184,-0.024128601,993.2360184192657
1185,0.029179033,993.9179275035858
1186,0.08218118,994.600084066391
1187,0.12132603,995.2817120552063
1188,0.14174128,995.9631493091583
1189,0.14086306,996.6484417915344
1190,0.12165776,998.0017518997192
1191,0.08361995,998.6890020370483
1192,0.0579184,999.3762557506561
1193,0.028250068,1000.0686705112457
1194,0.01082778,1000.757979631424
1195,-0.04025528,1001.4525918960571
1196,-0.07186678,1002.1386659145355
1197,-0.07311103,1002.8232498168945
1198,-0.07035525,1003.5051009654999
1199,-0.04069382,1004.1917748451233
1200,0.013335966,1005.562273979187
1201,0.07099885,1006.2619781494141
1202,0.14898649,1006.947035074234
1203,0.2281165,1007.6502306461334
1204,0.28902775,1008.3313007354736
1205,0.29295397,1009.0138535499573
1206,0.24025817,1009.6958968639374
1207,0.20174503,1010.377833366394
1208,-0.05057305,1011.0663225650787
1209,-0.20798837,1011.74724650383
1210,-0.28501278,1013.1087777614594
1211,-0.38620982,1013.7912955284119
1212,-0.37135875,1014.47962641716
1213,-0.3539289,1015.173168182373
1214,-0.27188587,1015.8553774356842
1215,-0.17263746,1016.5409977436066
1216,-0.035351485,1017.2238113880157
1217,0.1188997,1017.9060666561127
1218,0.2322996,1018.5879592895508
1219,0.30722332,1019.2709634304047
1220,0.29219958,1020.6478753089905
1221,0.24133918,1021.3300371170044
1222,0.15496501,1022.0214560031891
1223,0.037351668,1022.7045030593872
1224,-0.080150306,1023.3913350105286
1225,-0.23759413,1024.0762038230896
1226,-0.37695396,1024.7585904598236
1227,-0.38424507,1025.4859993457794
1228,-0.2935933,1026.1777694225311
1229,-0.04207921,1026.8659942150116
1230,0.18337445,1028.2213530540466
1231,0.092051566,1028.9044120311737
1232,0.07196444,1029.5867285728455
1233,0.1302912,1030.2682738304138
1234,0.24681443,1030.9524238109589
1235,0.36550492,1031.642878293991
1236,0.4177487,1032.3297064304352
1237,0.338704,1033.013832807541
1238,0.3203522,1033.6956837177277
1239,0.049801826,1034.38738489151
1240,0.30395317,1035.7558360099792
1241,-0.38114807,1036.44451379776
1242,-0.51308,1037.137211561203
1243,-0.57231665,1037.8179385662079
1244,-0.5411611,1038.507435798645
1245,-0.44972497,1039.1929864883423
1246,-0.39877033,1039.8773164749146
1247,-0.30863336,1040.5703904628754
1248,-0.20150308,1041.2603197097778
1249,-0.09371987,1041.9449961185455
1250,0.022626862,1043.3040797710419
1251,0.085030794,1044.0054142475128
1252,0.18414457,1044.6956243515015
1253,0.24147004,1045.3791284561157
1254,0.28294203,1046.0802319049835
1255,0.27277863,1046.7648708820343
1256,0.2371845,1047.4486887454987
1257,0.14318365,1048.1323194503784
1258,0.05629939,1048.816696882248
1259,-0.06535491,1049.5062277317047
1260,-0.2504346,1050.8738853931427
1261,-0.3485078,1051.5577147006989
1262,-0.4681242,1052.2417573928833
1263,-0.5862086,1052.9247086048126
1264,-0.6219811,1053.608237028122
1265,-0.58833313,1054.2914280891418
1266,-0.5099314,1054.9782609939575
1267,-0.41264138,1055.671931028366
1268,-0.29071245,1056.3535737991333
1269,-0.20482239,1057.047131061554
1270,-0.14884917,1058.4090542793274
1271,-0.07188743,1059.0985043048859
1272,0.012546539,1059.7824079990387
1273,0.118756115,1060.464396238327
1274,0.19186088,1061.1555433273315
1275,0.27456424,1061.840756893158
1276,0.28745523,1062.5223896503448
1277,0.31632376,1063.220069885254
1278,0.28786385,1063.9071893692017
1279,0.2430202,1064.5993030071259
1280,0.1732356,1065.9724037647247
1281,0.1326452,1066.6595890522003
1282,0.066139325,1067.3596930503845
1283,0.04029879,1068.0454156398773
1284,-0.12817036,1068.7302749156952
1285,-0.1789342,1069.413185119629
1286,-0.2154726,1070.1057622432709
1287,-0.25497422,1070.7910585403442
1288,-0.33299777,1071.476449251175
1289,-0.38193017,1072.1654179096222
1290,-0.35497993,1073.5204322338104
1291,-0.31886652,1074.2141861915588
1292,-0.28711313,1074.9194843769073
1293,-0.23972465,1075.6056826114655
1294,-0.18858631,1076.2970452308655
1295,-0.12979598,1076.9869604110718
1296,-0.05245678,1077.668868780136
1297,0.0022705495,1078.3514637947083
1298,0.04994671,1079.039192199707
1299,0.08911617,1079.731328010559
1300,0.13544422,1081.0899124145508
1301,0.12592725,1081.8015174865723
1302,0.14645971,1082.4935910701752
1303,0.12517941,1083.1768019199371
1304,0.09801403,1083.8589415550232
1305,0.054213136,1084.5442864894867
1306,0.0145870745,1085.2259359359741
1307,-0.04179719,1085.9075045585632
1308,-0.10421786,1086.5932474136353
1309,-0.19119716,1087.2877490520477
1310,-0.24884406,1088.6543190479279
1311,-0.28493074,1089.337585926056
1312,-0.31477264,1090.0233669281006
1313,-0.3293351,1090.705994606018
1314,-0.33560887,1091.3934795856476
1315,-0.31153932,1092.0770263671875
1316,-0.27710134,1092.7582252025604
1317,-0.24143675,1093.439091205597
1318,-0.19813937,1094.1207706928253
1319,-0.15507127,1094.8084733486176
1320,-0.09489794,1096.1768591403961
1321,-0.033046454,1096.8612732887268
1322,0.031142622,1097.5519979000092
1323,0.10585672,1098.2359204292297
1324,0.1878854,1098.9189474582672
1325,0.2580409,1099.6028323173523
1326,0.37973768,1100.2857019901276
1327,0.4567392,1100.9688699245453
1328,0.47424066,1101.65731549263
1329,0.5036604,1102.3414359092712
1330,0.50676274,1103.710455417633
1331,0.4415833,1104.3983180522919
1332,0.37846777,1105.0944049358368
1333,0.33132806,1105.7826964855194
1334,0.24438006,1106.4641439914703
1335,0.16782826,1107.1495337486267
1336,-0.022619508,1107.844853401184
1337,-0.16947857,1108.5294914245605
1338,-0.34653038,1109.2164776325226
1339,-0.38013107,1109.9175503253937
1340,-0.48209625,1111.275780916214
1341,-0.56735057,1111.9687147140503
1342,-0.66096896,1112.6591124534607
1343,-0.753091,1113.3502750396729
1344,-0.7935175,1114.04523062706
1345,-0.8209682,1114.7280526161194
1346,-0.8565702,1115.4179990291595
1347,-0.80009174,1116.098976135254
1348,-0.7431125,1116.7805669307709
1349,-0.64906603,1117.4616477489471
1350,-0.49629632,1118.8259253501892
1351,-0.34123248,1119.5365953445435
1352,-0.17221452,1120.2347314357758
1353,-0.011827093,1120.9312479496002
1354,0.13665053,1121.6135165691376
1355,0.4548932,1122.302240371704
1356,0.34574035,1122.9912490844727
1357,0.38131282,1123.6846270561218
1358,0.3777252,1124.375396490097
1359,0.3205435,1125.060081243515
1360,0.2245217,1126.4361879825592
1361,0.14960942,1127.1279513835907
1362,-0.10989537,1127.8216602802277
1363,-0.2679078,1128.5094532966614
1364,-0.49748135,1129.2001311779022
1365,-0.72332364,1129.884752035141
1366,-0.8085641,1130.5732805728912
1367,-0.8508031,1131.26593542099
1368,-0.84381497,1131.9520370960236
1369,-0.8091903,1132.6343767642975
1370,-0.80101573,1134.012578010559
1371,-0.7372999,1134.69686293602
1372,-0.66924673,1135.389794588089
1373,-0.6174216,1136.0744864940643
1374,-0.55613756,1136.761244058609
1375,-0.47071955,1137.4446454048157
1376,-0.45997187,1138.1307785511017
1377,-0.3712628,1138.8228788375854
1378,-0.27662295,1139.5062832832336
1379,-0.18250678,1140.1955666542053
1380,-0.09702187,1141.5659396648407
1381,-0.032754146,1142.258009672165
1382,0.03376127,1142.946254491806
1383,0.12779924,1143.6292040348053
1384,0.24086115,1144.3129942417145
1385,0.3361757,1144.9973464012146
1386,0.40271658,1145.695478439331
1387,0.43237197,1146.3813107013702
1388,0.39017263,1147.0663785934448
1389,0.34496593,1147.7496712207794
1390,0.26412374,1149.1095743179321
1391,0.24048264,1149.7944927215576
1392,0.24097914,1150.483463525772
1393,0.2701666,1151.1788492202759
1394,0.2564811,1151.8747622966766
1395,0.22821069,1152.5687210559845
1396,0.14397128,1153.2524819374084
1397,-0.04445854,1153.937088727951
1398,-0.21452275,1154.6220932006836
1399,-0.3395596,1155.3054287433624
1400,-0.47351632,1156.6720304489136
1401,-0.68920076,1157.370965719223
1402,-0.8060024,1158.0548100471497
1403,-0.8940831,1158.74409365654
1404,-0.9519343,1159.4288935661316
1405,-0.9098602,1160.1183068752289
1406,-0.8466679,1160.804556131363
1407,-0.8022181,1161.4941260814667
1408,-0.72056353,1162.2024419307709
1409,-0.6312436,1162.8848884105682
1410,-0.47245553,1164.255000114441
1411,-0.30447114,1164.9409489631653
1412,-0.16869101,1165.6229088306427
1413,-0.36712202,1166.3051261901855
1414,0.106647216,1166.9869527816772
1415,0.20518525,1167.6692011356354
1416,0.29740655,1168.352971315384
1417,0.3465,1169.0356554985046
1418,0.3719542,1169.730910539627
1419,0.33363944,1170.4136822223663
1420,0.2675178,1171.7719433307648
1421,0.18498136,1172.4567844867706
1422,0.06522293,1173.1402459144592
1423,-0.055439666,1173.8221848011017
1424,-0.22783121,1174.5111751556396
1425,-0.4742743,1175.1993629932404
1426,-0.610412,1175.8933889865875
1427,-0.77699697,1176.5856475830078
1428,-0.8385756,1177.2793595790863
1429,-0.88757575,1177.9680647850037
1430,-0.89241755,1179.3231945037842
1431,-0.88349867,1180.011322259903
1432,-0.8447112,1180.6986136436462
1433,-0.76317376,1181.3868820667267
1434,-0.69109946,1182.089025735855
1435,-0.6130409,1182.7795419692993
1436,-0.55722827,1183.4711287021637
1437,-0.5028997,1184.1588652133942
1438,-0.41538176,1184.853420495987
1439,-0.36038452,1185.5460984706879
1440,-0.25568277,1186.9030845165253
1441,-0.16775459,1187.5913949012756
1442,-0.07564184,1188.2794709205627
1443,0.022845868,1188.9690861701965
1444,0.12292513,1189.6612837314606
1445,0.21936071,1190.3492486476898
1446,0.32157597,1191.033510684967
1447,0.3884524,1191.7149231433868
1448,0.4773718,1192.4009828567505
1449,0.58655655,1193.0889055728912
1450,0.6983233,1194.4661457538605
1451,0.5270558,1195.171330690384
1452,0.57224256,1195.85604262352
1453,0.65862286,1196.5377852916718
1454,0.594112,1197.2258186340332
1455,0.38691363,1197.909642457962
1456,0.19440876,1198.5917665958405
1457,0.17609248,1199.2742438316345
1458,0.09569605,1199.9565598964691
1459,-0.03989381,1200.6393842697144
1460,0.026203927,1202.0039551258087
1461,0.038489677,1202.6884334087372
1462,-0.064793825,1203.371586561203
1463,-0.29133737,1204.0570991039276
1464,-0.43999368,1204.7390160560608
1465,-0.570786,1205.422414779663
1466,-0.7059444,1206.1131830215454
1467,-0.7712115,1206.7997615337372
1468,-0.79535013,1207.4857277870178
1469,-0.74184257,1208.1682000160217
1470,-0.7549068,1209.5414638519287
1471,-0.67215276,1210.228387594223
1472,-0.6129004,1210.9112842082977
1473,-0.523362,1211.5938656330109
1474,-0.43276367,1212.2839336395264
1475,-0.31165418,1212.9766793251038
1476,-0.25544298,1213.6615388393402
1477,-0.10200158,1214.346003293991
1478,0.023341995,1215.0301625728607
1479,0.15312736,1215.7144932746887
1480,0.25959066,1217.0820825099945
1481,0.32795316,1217.7688286304474
1482,0.3004234,1218.4516541957855
1483,0.27868506,1219.1345436573029
1484,0.25559846,1219.8181030750275
1485,0.15288574,1220.4998745918274
1486,0.07621753,1221.185210466385
1487,-0.016611502,1221.866724729538
1488,-0.12976843,1222.552815914154
1489,-0.27282554,1223.23393368721
1490,-0.38625896,1224.5867655277252
1491,-0.49081147,1225.270488500595
1492,-0.54332066,1225.9600687026978
1493,-0.52462685,1226.6432518959045
1494,-0.5651141,1227.332444190979
1495,-0.5301632,1228.0237925052643
1496,-0.5168309,1228.7114958763123
1497,-0.44565058,1229.3957738876343
1498,-0.37267664,1230.087563276291
1499,-0.33112985,1230.7719390392303
1500,-0.29445812,1232.1399834156036
1501,-0.30637166,1232.836855173111
1502,-0.2674954,1233.5216236114502
1503,-0.21783644,1234.2068490982056
1504,-0.18443361,1234.896775007248
1505,-0.13583553,1235.579255104065
1506,-0.0998971,1236.2694599628448
1507,-0.06835468,1236.9510416984558
1508,-0.037770562,1237.6336178779602
1509,-0.012349766,1238.3267035484314
1510,0.021063872,1239.6965177059174
1511,0.03417581,1240.3818664550781
1512,0.056376748,1241.067325592041
1513,0.07050957,1241.750747680664
1514,0.09900054,1242.4405555725098
1515,0.1436607,1243.138367176056
1516,0.18117376,1243.820673942566
1517,0.23326339,1244.5033962726593
1518,0.26175234,1245.1859550476074
1519,0.22747827,1245.87468624115
1520,0.21786866,1247.2405800819397
1521,0.22728321,1247.9259805679321
1522,0.23061794,1248.608433008194
1523,0.22609013,1249.294792175293
1524,0.21670817,1249.9780206680298
1525,0.1772382,1250.6620399951935
1526,0.14714874,1251.3556566238403
1527,0.095626146,1252.0386953353882
1528,0.027999155,1252.7257483005524
1529,-0.0036321208,1253.4095458984375
1530,-0.042823806,1254.769793510437
1531,-0.10178277,1255.4524891376495
1532,-0.1323499,1256.1369671821594
1533,-0.15144396,1256.8201222419739
1534,-0.1476898,1257.5017890930176
1535,-0.16356058,1258.1848044395447
1536,-0.16160852,1258.8696625232697
1537,-0.15863667,1259.5523586273193
1538,-0.115602136,1260.2403044700623
1539,-0.09635654,1260.9432151317596
1540,-0.06857577,1262.300553560257
1541,-0.045334727,1262.9848618507385
1542,-0.029722333,1263.6694476604462
1543,-0.02076672,1264.3514921665192
1544,-0.0042405874,1265.0420534610748
1545,0.010209709,1265.7324404716492
1546,0.023082547,1266.4140439033508
1547,0.03310074,1267.0977365970612
1548,0.038453773,1267.7841093540192
1549,0.046622325,1268.4707651138306
1550,0.053222418,1269.8360636234283
1551,0.041801296,1270.5332384109497
1552,0.045698073,1271.2173120975494
1553,0.048614584,1271.899451971054
1554,0.03756527,1272.5805079936981
1555,0.027222645,1273.26243019104
1556,0.027092703,1273.947853088379
1557,0.005489953,1274.6369018554688
1558,-0.010535106,1275.3281619548798
1559,-0.014185753,1276.0118582248688
1560,-0.013610736,1277.3755071163177
1561,-0.022306092,1278.0587530136108
1562,-0.026187792,1278.7405843734741
1563,-0.031225085,1279.4328558444977
1564,-0.029533528,1280.1216673851013
1565,-0.023606144,1280.8040812015533
1566,-0.016419202,1281.485008239746
1567,-0.0152134,1282.1705043315887
1568,-0.012052551,1282.851313829422
1569,-0.0039918497,1283.5328559875488
1570,0.0065145046,1284.8980638980865
1571,0.019976467,1285.5814695358276
1572,0.036905237,1286.2635960578918
1573,0.046545222,1286.9466016292572
1574,0.059839405,1287.630781173706
1575,0.06798838,1288.3137423992157
1576,0.081675716,1289.002183675766
1577,0.09206845,1289.6854445934296
1578,0.09818027,1290.3674325942993
1579,0.10143963,1291.0476820468903
1580,0.102166705,1292.4076340198517
1581,0.08512269,1293.089765548706
1582,0.079444915,1293.7712805271149
1583,0.07603302,1294.4520328044891
1584,0.073748864,1295.1346805095673
1585,0.061577953,1295.8308773040771
1586,0.05773198,1296.5205981731415
1587,0.051379018,1297.2121949195862
1588,0.043766655,1297.8944973945618
1589,0.035297677,1298.5758373737335
1590,0.041846454,1299.939424276352
1591,0.018086389,1300.6335263252258
1592,0.023208663,1301.3242197036743
1593,0.014871374,1302.0051023960114
1594,0.01646924,1302.6876661777496
1595,0.018300712,1303.3690609931946
1596,0.01814311,1304.0648465156555
1597,0.026615791,1304.7465143203735
1598,0.038107157,1305.437442779541
1599,0.040092617,1306.1241416931152
1600,0.038251482,1307.492745399475
1601,0.01825133,1308.197158575058
1602,0.026195265,1308.8895716667175
1603,0.029027335,1309.574104309082
1604,0.03659895,1310.2589938640594
1605,0.04072454,1310.9434247016907
1606,0.04954701,1311.6358482837677
1607,0.056491874,1312.3247711658478
1608,0.06323769,1313.013052225113
1609,0.06124846,1313.7058801651
1610,0.064514086,1315.0848779678345
1611,0.061650097,1315.7678091526031
1612,0.06387174,1316.4732267856598
1613,0.08579477,1317.167559146881
1614,0.06914133,1317.8795676231384
1615,0.068332314,1318.5681071281433
1616,0.070768364,1319.261667251587
1617,0.07039483,1319.9451463222504
1618,0.07047869,1320.6413507461548
1619,0.06911621,1321.3416244983673
1620,0.068393126,1322.6998286247253
1621,0.06552893,1323.3823812007904
1622,0.06363571,1324.07737326622
1623,0.061423667,1324.7747747898102
1624,0.057999194,1325.4580500125885
1625,0.056814663,1326.14803481102
1626,0.056085736,1326.8331727981567
1627,0.05555443,1327.5165493488312
1628,0.060899172,1328.2152836322784
1629,0.060495507,1328.9042918682098
1630,0.065661855,1330.2588906288147
1631,0.06650673,1330.9435257911682
1632,0.06863626,1331.6259582042694
1633,0.06882824,1332.3143918514252
1634,0.073507756,1333.0048005580902
1635,0.07512894,1333.6860859394073
1636,0.07544208,1334.3742942810059
1637,0.07814597,1335.072187423706
1638,0.080834664,1335.7629597187042
1639,0.08303644,1336.4596807956696
1640,0.08370967,1337.8289341926575
1641,0.09171556,1338.5104308128357
1642,0.08983742,1339.1938242912292
1643,0.088870876,1339.8792300224304
1644,0.092346385,1340.5651092529297
1645,0.088746876,1341.2468078136444
1646,0.088243574,1341.92821931839
1647,0.08528113,1342.6106503009796
1648,0.081969425,1343.2934958934784
1649,0.08001144,1343.976770401001
1650,0.079223216,1345.3366720676422
1651,0.07323016,1346.0336332321167
1652,0.10301024,1346.718055486679
1653,0.069844276,1347.4043126106262
1654,0.07098465,1348.095457315445
1655,0.07084731,1348.7879376411438
1656,0.070348606,1349.480096578598
1657,0.06659088,1350.171485900879
1658,0.06723533,1350.8553910255432
1659,0.06552125,1351.5412254333496
1660,0.07004629,1352.9075441360474
1661,0.06745356,1353.5963501930237
1662,0.07014912,1354.2798047065735
1663,0.07351246,1354.9710450172424
1664,0.073936135,1355.6563603878021
1665,0.07681544,1356.3394558429718
1666,0.07911939,1357.0213587284088
1667,0.081358194,1357.7111322879791
1668,0.084688425,1358.395361661911
1669,0.08986989,1359.0770874023438
1670,0.09125064,1360.4299767017365
1671,0.09156084,1361.1115136146545
1672,0.09349577,1361.7946755886078
1673,0.0942,1362.478410243988
1674,0.09433445,1363.1635158061981
1675,0.09652518,1363.8464164733887
1676,0.08503635,1364.5379891395569
1677,0.085954286,1365.2252089977264
1678,0.08224709,1365.9059965610504
1679,0.07685236,1366.5930860042572
1680,0.07320135,1367.9618964195251
1681,0.06662457,1368.6574654579163
1682,0.06420013,1369.3385739326477
1683,0.061218984,1370.0242147445679
1684,0.057700537,1370.7045803070068
1685,0.05705209,1371.3956961631775
1686,0.05748879,1372.0878970623016
1687,0.05774016,1372.7681846618652
1688,0.05469238,1373.4501547813416
1689,0.05324027,1374.1326711177826
1690,0.054483265,1375.4864795207977
1691,0.051825814,1376.1720049381256
1692,0.05400724,1376.8549494743347
1693,0.05514784,1377.5358567237854
1694,0.05385892,1378.2210857868195
1695,0.05551498,1378.9171342849731
1696,0.054480474,1379.5996680259705
1697,0.061911877,1380.2815289497375
1698,0.066394895,1380.9647405147552
1699,0.071717,1381.645629644394
1700,0.07759904,1383.0009696483612
1701,0.076246604,1383.701050043106
1702,0.0796439,1384.3879370689392
1703,0.08023305,1385.0759844779968
1704,0.079522,1385.762820482254
1705,0.07904691,1386.4444448947906
1706,0.079238504,1387.1280946731567
1707,0.075755455,1387.8099064826965
1708,0.07095525,1388.495810508728
1709,0.065441504,1389.1868040561676
1710,0.0627075,1390.5534434318542
1711,0.061293773,1391.2364444732666
1712,0.05867824,1391.919311285019
1713,0.056685522,1392.6013963222504
1714,0.050450478,1393.2821354866028
1715,0.005032234,1393.9666662216187
1716,0.05018586,1394.6487576961517
1717,0.05106163,1395.3319864273071
1718,0.050250188,1396.0176022052765
1719,0.05068607,1396.6982822418213
1720,0.048242442,1398.0552251338959
1721,0.048134208,1398.7380299568176
1722,0.04883015,1399.4218094348907
1723,0.05081302,1400.1024310588837
1724,0.050031155,1400.7845604419708
1725,0.053558215,1401.4672968387604
1726,0.054924447,1402.1575000286102
1727,0.06203236,1402.8449504375458
1728,0.06792888,1403.530212879181
1729,0.07273033,1404.2145743370056
1730,0.07681753,1405.570062637329
1731,0.077338636,1406.25310587883
1732,0.0805104,1406.9476516246796
1733,0.0799996,1407.644433259964
1734,0.08122784,1408.3350489139557
1735,0.08304782,1409.0163743495941
1736,0.08100533,1409.704427242279
1737,0.07838969,1410.4013810157776
1738,0.073722236,1411.0824537277222
1739,0.07189409,1411.76451587677
1740,0.06994519,1413.1314027309418
1741,0.06800175,1413.814156293869
1742,0.06809212,1414.4993143081665
1743,0.07001155,1415.1830658912659
1744,0.06820576,1415.8651428222656
1745,0.06744228,1416.5467870235443
1746,0.06938716,1417.2295684814453
1747,0.07115309,1417.9113194942474
1748,0.067275584,1418.597912311554
1749,0.06496818,1419.2916543483734
1750,0.06570928,1420.6738469600677
1751,0.062984034,1421.3772642612457
1752,0.056813538,1422.062828540802
1753,0.05793667,1422.74773478508
1754,0.059391364,1423.436495065689
1755,0.05926581,1424.1183114051819
1756,0.060345896,1424.8121922016144
1757,0.062752426,1425.4997050762177
1758,0.06801435,1426.190922498703
1759,0.07292407,1426.8752009868622
1760,0.07171101,1428.2455410957336
1761,0.07512502,1428.9346106052399
1762,0.0740649,1429.6194560527802
1763,0.07683707,1430.3094658851624
1764,0.07351497,1430.992416858673
1765,0.07357393,1431.679183959961
1766,0.074323185,1432.3683502674103
1767,0.07501748,1433.050171136856
1768,0.077565126,1433.7330996990204
1769,0.07781045,1434.4189670085907
1770,0.07788972,1435.7824473381042
1771,0.0731536,1436.4732120037079
1772,0.07700722,1437.1578907966614
1773,0.069391906,1437.846019744873
1774,0.06703132,1438.5329744815826
1775,0.06551483,1439.2218191623688
1776,0.03616359,1439.909818649292
1777,0.03561586,1440.5941817760468
1778,0.03520927,1441.287873506546
1779,0.037976414,1441.9784111976624
1780,0.038130626,1443.3332858085632
1781,0.041273296,1444.0163440704346
1782,0.0439927,1444.7036890983582
1783,0.047756046,1445.3888280391693
1784,0.050482035,1446.0732009410858
1785,0.05347593,1446.7545297145844
1786,0.052146807,1447.4366121292114
1787,0.05091983,1448.1193056106567
1788,0.048636854,1448.800216436386
1789,0.048569635,1449.4816617965698
1790,0.050474986,1450.8428456783295
1791,0.051906973,1451.5353956222534
1792,0.053227562,1452.2260913848877
1793,0.06479937,1452.9125699996948
1794,0.054093864,1453.606209039688
1795,0.057748564,1454.289146900177
1796,0.06004157,1454.9741418361664
1797,0.06341538,1455.6598505973816
1798,0.07001548,1456.3566555976868
1799,0.07343997,1457.0397996902466
1800,0.07526219,1458.4011585712433
1801,0.07181594,1459.095505952835
1802,0.069349945,1459.7777180671692
1803,0.06693727,1460.4658434391022
1804,0.06258784,1461.1466698646545
1805,0.05613217,1461.8271458148956
1806,0.049637005,1462.514881849289
1807,0.045498706,1463.1969068050385
1808,0.045713216,1463.8849155902863
1809,0.047685668,1464.5682110786438
1810,0.04815322,1465.9354565143585
1811,0.052377075,1466.6195912361145
1812,0.057676017,1467.310227394104
1813,0.06102203,1467.9911494255066
1814,0.063638225,1468.7038896083832
1815,0.06642361,1469.390291929245
1816,0.06553365,1470.0762166976929
1817,0.06831342,1470.7707645893097
1818,0.0674507,1471.4606075286865
1819,0.06366213,1472.1412630081177
1820,0.061703652,1473.5006856918335
1821,0.058094546,1474.1830081939697
1822,0.053161517,1474.865219593048
1823,0.05008988,1475.5537419319153
1824,0.050532974,1476.2360916137695
1825,0.052810267,1476.9185259342194
1826,0.04975698,1477.6046116352081
1827,0.054658256,1478.2947816848755
1828,0.060772523,1478.9766690731049
1829,0.06951447,1479.6585102081299
1830,0.06779683,1481.0240802764893
1831,0.06964925,1481.711365222931
1832,0.07120352,1482.4017531871796
1833,0.07055083,1483.090880870819
1834,0.06781794,1483.7789797782898
1835,0.06312044,1484.4678659439087
1836,0.05934149,1485.1499660015106
1837,0.05451382,1485.8310689926147
1838,0.052442305,1486.513081073761
1839,0.048948854,1487.209647655487
1840,0.04833971,1488.5835795402527
1841,0.048056837,1489.2750010490417
1842,0.05368184,1489.961308002472
1843,0.057072215,1490.648910522461
1844,0.06287649,1491.330842256546
1845,0.070351616,1492.0142855644226
1846,0.07367582,1492.7063436508179
1847,0.080267794,1493.389387845993
1848,0.074372776,1494.0737872123718
1849,0.072232395,1494.7594130039215
1850,0.06933653,1496.121788740158
1851,0.07224398,1496.8185756206512
1852,0.069004476,1497.4998745918274
1853,0.06708742,1498.1818075180054
1854,0.06489365,1498.874942779541
1855,0.060800012,1499.5553300380707
1856,0.057748772,1500.242514371872
1857,0.05853452,1500.9231357574463
1858,0.06169321,1501.6132111549377
1859,0.06740634,1502.299908399582
1860,0.07404959,1503.6789054870605
1861,0.07859487,1504.3610293865204
1862,0.08091862,1505.0435807704926
1863,0.08294102,1505.7315683364868
1864,0.081902474,1506.4124503135681
1865,0.0792722,1507.0963468551636
1866,0.07026777,1507.7780492305756
1867,0.06395983,1508.4660148620605
1868,0.056720413,1509.1503779888153
1869,0.055889595,1509.833356142044
1870,0.053900383,1511.1990716457367
1871,0.051030867,1511.886726140976
1872,0.047742046,1512.5720806121826
1873,0.04658624,1513.252679824829
1874,0.047102343,1513.9353461265564
1875,0.050177686,1514.6160485744476
1876,0.042315096,1515.2975630760193
1877,0.053367823,1515.9824941158295
1878,0.0639479,1516.6744120121002
1879,0.07284095,1517.3584566116333
1880,0.077136315,1518.7230229377747
1881,0.0791926,1519.4079129695892
1882,0.07732302,1520.095713376999
1883,0.07226709,1520.7833552360535
1884,0.06454149,1521.4724521636963
1885,0.055495754,1522.1539297103882
1886,0.037949495,1522.8346674442291
1887,0.025239315,1523.5168182849884
1888,0.01287758,1524.197396993637
1889,0.004847126,1524.8790218830109
1890,-0.0018960908,1526.2310490608215
1891,-0.0013412274,1526.9270701408386
1892,0.0066091195,1527.6233208179474
1893,0.022408105,1528.312603712082
1894,0.03607697,1529.0005700588226
1895,0.059677735,1529.6833992004395
1896,0.063626416,1530.364565372467
1897,0.07576864,1531.0531578063965
1898,0.078247145,1531.748551607132
1899,0.07918568,1532.4365589618683
1900,0.071303256,1533.7919862270355
1901,0.06954533,1534.490969657898
1902,0.051401384,1535.1776304244995
1903,0.043925494,1535.8616378307343
1904,0.041388214,1536.5425851345062
1905,0.045310736,1537.2549631595612
1906,0.037495352,1537.9407618045807
1907,0.040915243,1538.6240475177765
1908,0.045316324,1539.3052446842194
1909,0.050316535,1539.9893555641174
1910,0.05300548,1541.357527256012
1911,0.053927727,1542.0467360019684
1912,0.058037795,1542.732886314392
1913,0.059408307,1543.4134712219238
1914,0.059547096,1544.1009721755981
1915,0.055896103,1544.78515458107
1916,0.05628501,1545.4670627117157
1917,0.056413174,1546.1484577655792
1918,0.05748786,1546.84614777565
1919,0.05840847,1547.527101278305
1920,0.06012413,1548.8864979743958
1921,0.060146406,1549.5763027668
1922,0.1112788,1550.26034283638
1923,0.058435507,1550.9523751735687
1924,0.060017757,1551.6335101127625
1925,0.062324204,1552.318500995636
1926,0.05730412,1553.0077447891235
1927,0.061184872,1553.7008130550385
1928,0.08143304,1554.3851494789124
1929,0.06836818,1555.070699930191
1930,0.07167187,1556.4248459339142
1931,0.078540735,1557.1152713298798
1932,0.07543786,1557.81285738945
1933,0.07417829,1558.5045375823975
1934,0.07423144,1559.186193227768
1935,0.07086559,1559.8713550567627
1936,0.0673997,1560.5563385486603
1937,0.06356035,1561.2433400154114
1938,0.056316532,1561.935265302658
1939,0.05167202,1562.620703458786
1940,0.04739503,1563.9819695949554
1941,0.0447907,1564.6701502799988
1942,0.04034458,1565.3532683849335
1943,0.040267937,1566.0417959690094
1944,0.04318577,1566.7253150939941
1945,0.048625812,1567.4111959934235
1946,0.057281807,1568.102593421936
1947,0.064496025,1568.7884113788605
1948,0.07017402,1569.4781749248505
1949,0.07192628,1570.1638360023499
1950,0.073308386,1571.5239684581757
1951,0.067168035,1572.2265253067017
1952,0.067180745,1572.9089374542236
1953,0.06504956,1573.5908379554749
1954,0.06143583,1574.2712814807892
1955,0.056056175,1574.9547896385193
1956,0.050098978,1575.6355195045471
1957,0.045832768,1576.3162250518799
1958,0.043190956,1577.0027816295624
1959,0.04028545,1577.683810710907
1960,0.0400825,1579.0535008907318
1961,0.04156965,1579.7350924015045
1962,0.04382031,1580.4167852401733
1963,0.0507044,1581.098922252655
1964,0.06955448,1581.784494638443
1965,0.063351475,1582.469197511673
1966,0.06779435,1583.1505160331726
1967,0.07276341,1583.8330850601196
1968,0.07431062,1584.52822971344
1969,0.06962968,1585.2151608467102
1970,0.067695424,1586.5769805908203
1971,0.059213135,1587.2586424350739
1972,0.058852844,1587.9429895877838
1973,0.05390543,1588.6258523464203
1974,0.049945712,1589.314968585968
1975,0.04378783,1589.9959378242493
1976,0.034464493,1590.6793184280396
1977,0.03645026,1591.3605103492737
1978,0.04154934,1592.0463433265686
1979,0.048651293,1592.7349758148193
1980,0.058430582,1594.0960903167725
1981,0.06766838,1594.779688835144
1982,0.07399298,1595.4611897468567
1983,0.07799792,1596.1426365375519
1984,0.078508645,1596.8247427940369
1985,0.07455835,1597.5061995983124
1986,0.070561886,1598.186939716339
1987,0.066106305,1598.8676812648773
1988,0.06046848,1599.5488080978394
1989,0.055588305,1600.2315242290497
1990,0.04994613,1601.5893042087555
1991,0.044109978,1602.2734634876251
1992,0.040144943,1602.9544112682343
1993,0.039508037,1603.6362175941467
1994,0.039616216,1604.3169929981232
1995,0.045600027,1604.9999446868896
1996,0.055587962,1605.690271615982
1997,0.06627393,1606.3780839443207
1998,0.07407902,1607.0612506866455
1999,0.082286924,1607.7430839538574
2000,0.08567682,1609.107328414917
